InstructorID,CourseID
PROF01,CSC111
AP04,CSC111
AP05,CSC111
PROF02,MTH111
PROF03,PHY113
AP13,PHY113
PROF05,ECE111
PROF06,ECE111
AP13,ECE111
PROF04,LRA101
PROF27,LRA104
PROF28,LRA105
PROF33,LRA401
PROF34,LRA401
PROF35,LRA401
PROF20,MTH212
PROF02,ACM215
PROF33,LRA403
PROF34,LRA403
PROF35,LRA403
PROF07,CSC211
AP11,CSC211
AP12,CSC211
PROF19,CNC111
AP07,CNC111
PROF18,CSC114
AP03,CSC114
PROF09,CSE214
AP08,CSE214
AP09,CSE214
AP14,CSE214
PROF29,LRA306
PROF10,ECE324
AP15,ECE324
PROF09,CSC317
PROF12,CSC317
PROF13,CSC317
AP06,CSC317
AP11,CSC317
AP12,CSC317
PROF11,AID312
AP06,AID312
AP10,AID312
PROF14,CNC311
AP01,CNC311
AP05,CNC311
PROF15,CNC314
AP03,CNC314
AP10,CNC314
AP14,CNC314
PROF13,CNC312
AP07,CNC312
PROF08,AID311
AP06,AID311
AP14,AID311
PROF16,CSC314
PROF06,BIF311
AP05,BIF311
PROF14,CNC413
PROF12,CNC419
PROF07,CNC411
AP04,CNC411
PROF12,CNC418
PROF14,CNC324
PROF17,CNC324
AP10,CNC324
AP17,CNC324
PROF16,CNC415
PROF17,AID321
PROF18,AID321
AP03,AID321
AP16,AID321
AP18,AID321
PROF11,AID428
AP09,AID428
PROF18,AID411
AP02,AID411
PROF15,AID417
AP01,AID417
PROF07,AID413
PROF14,AID413
PROF07,AID427
PROF16,CSC414
PROF11,CSC415
PROF16,CSC426
PROF17,CSC410
PROF16,CSC412
PROF17,CSC411
PROF06,BIF412
PROF06,BIF411
PROF18,BIF413
AP18,BIF413
PROF15,BIF425
AP02,BIF425
PROF17,BIF424
