SectionID,CourseID,TimeSlotID,RoomID,InstructorID
S1_L1,LRA401,17,B17-G9,AP01
S1_L1,CSC111,3,B07-F23,PROF33
S1_L1,MTH111,2,B07-F21,AP05
S1_L1,PHY113,6,B25-G21,PROF11
S1_L1,ECE111,13,B17-G19,AP17
S1_L1,LRA101,12,Red-Hall,AP03
S1_L1,LRA104,5,B8-F10,PROF34
S1_L1,LRA105,18,B17-G20,AP02
S2_L1,LRA401,14,B07-F20,PROF09
S2_L1,CSC111,7,B8-F11,PROF33
S2_L1,MTH111,13,Green-Hall,AP04
S2_L1,PHY113,15,B8-F7,AP06
S2_L1,ECE111,5,B18-F19,PROF14
S2_L1,LRA101,18,B8-Theater,PROF04
S2_L1,LRA104,8,B17-F3,PROF18
S2_L1,LRA105,4,B9-F13,AP09
S3_L1,LRA401,20,B9-F14,PROF02
S3_L1,CSC111,4,B8-Theater,PROF06
S3_L1,MTH111,13,B17-F18,PROF05
S3_L1,PHY113,15,B8-Theater,PROF11
S3_L1,ECE111,1,B9-Theater,PROF18
S3_L1,LRA101,19,B18-F10,AP04
S3_L1,LRA104,3,B18-F20,AP02
S3_L1,LRA105,5,B07-F21,PROF17
S4_L1,LRA401,15,B17-F9,PROF06
S4_L1,CSC111,3,B18-F13,PROF09
S4_L1,MTH111,2,B17-G9,PROF15
S4_L1,PHY113,8,B18-F14,AP09
S4_L1,ECE111,9,B9-Theater,PROF15
S4_L1,LRA101,7,B18-F10,AP07
S4_L1,LRA104,18,B9-F13,AP15
S4_L1,LRA105,19,B17-F17,PROF14
S5_L1,LRA401,3,B18-F5,AP05
S5_L1,CSC111,12,B17-F17,PROF08
S5_L1,MTH111,5,B8-F11,PROF35
S5_L1,PHY113,10,B17-G19,PROF06
S5_L1,ECE111,13,B07-F1,AP01
S5_L1,LRA101,1,B10-Theater,PROF33
S5_L1,LRA104,20,B18-F2,PROF12
S5_L1,LRA105,2,B18-F1,PROF01
S6_L1,LRA401,6,B07-F20,PROF18
S6_L1,CSC111,7,B07-F21,PROF29
S6_L1,MTH111,16,B18-F2,AP01
S6_L1,PHY113,12,B8-F10,PROF35
S6_L1,ECE111,1,B8-F11,AP08
S6_L1,LRA101,14,B18-F13,PROF28
S6_L1,LRA104,2,B17-F14,PROF20
S6_L1,LRA105,11,B07-F1,PROF16
S7_L1,LRA401,9,B17-F17,PROF01
S7_L1,CSC111,17,B18-F19,PROF27
S7_L1,MTH111,11,B17-G9,PROF29
S7_L1,PHY113,5,B10-Theater,AP02
S7_L1,ECE111,13,B17-F17,PROF03
S7_L1,LRA101,10,Yellow-Hall,AP13
S7_L1,LRA104,6,B9-G25,AP02
S7_L1,LRA105,7,B18-F12,PROF13
S8_L1,LRA401,1,B07-F23,AP10
S8_L1,CSC111,15,B17-F17,AP13
S8_L1,MTH111,9,B07-F20,PROF03
S8_L1,PHY113,5,Yellow-Hall,AP15
S8_L1,ECE111,12,B17-F14,PROF06
S8_L1,LRA101,8,B9-F14,AP17
S8_L1,LRA104,10,B7-Theater,AP07
S8_L1,LRA105,4,B07-F23,AP01
S9_L1,LRA401,8,B07-F2,PROF02
S9_L1,CSC111,17,B18-F13,AP05
S9_L1,MTH111,5,B17-F9,AP06
S9_L1,PHY113,19,Yellow-Hall,AP15
S9_L1,ECE111,4,B18-F20,PROF17
S9_L1,LRA101,1,B17-F17,AP16
S9_L1,LRA104,9,B10-Theater,AP17
S9_L1,LRA105,7,B8-G41,PROF05
S1_L2,MTH212,8,B07-F1,PROF27
S1_L2,ACM215,19,B17-F3,PROF10
S1_L2,LRA403,5,Red-Hall,AP18
S1_L2,CSC211,15,B17-G12,AP01
S1_L2,CNC111,7,B17-G20,AP10
S1_L2,CSC114,20,B17-F15,AP12
S1_L2,CSE214,3,B8-F25,PROF05
S1_L2,LRA306,13,B17-F14,PROF01
S2_L2,MTH212,6,B17-F18,PROF15
S2_L2,ACM215,4,B8-G41,AP02
S2_L2,LRA403,20,B9-F5,PROF27
S2_L2,CSC211,16,B07-F24,AP13
S2_L2,CNC111,19,B8-F11,PROF03
S2_L2,CSC114,1,B9-F4,PROF15
S2_L2,CSE214,13,B18-F12,PROF10
S2_L2,LRA306,12,B17-G19,PROF15
S3_L2,MTH212,13,B07-F24,PROF29
S3_L2,ACM215,9,B8-F10,PROF28
S3_L2,LRA403,14,B17-F3,AP10
S3_L2,CSC211,15,B18-F2,PROF03
S3_L2,CNC111,16,B18-F19,AP08
S3_L2,CSC114,10,B18-F5,PROF16
S3_L2,CSE214,20,B07-G1,PROF16
S3_L2,LRA306,18,Green-Hall,AP12
S4_L2,MTH212,13,B9-F5,PROF08
S4_L2,ACM215,16,B17-G21,PROF14
S4_L2,LRA403,20,Green-Hall,PROF29
S4_L2,CSC211,19,B9-F14,PROF08
S4_L2,CNC111,17,B17-F16,PROF15
S4_L2,CSC114,7,B17-G19,PROF06
S4_L2,CSE214,15,B17-F15,PROF18
S4_L2,LRA306,5,B9-F4,AP04
S5_L2,MTH212,9,Green-Hall,PROF08
S5_L2,ACM215,4,B17-F14,PROF07
S5_L2,LRA403,6,B10-Theater,AP04
S5_L2,CSC211,19,B8-F6,PROF20
S5_L2,CNC111,15,B07-F20,AP05
S5_L2,CSC114,16,B17-F8,PROF35
S5_L2,CSE214,2,B18-F13,PROF04
S5_L2,LRA306,14,Blue-Hall,PROF17
S6_L2,MTH212,17,B07-F2,PROF01
S6_L2,ACM215,7,B17-F3,PROF35
S6_L2,LRA403,9,B17-G9,PROF07
S6_L2,CSC211,11,B9-F4,PROF28
S6_L2,CNC111,19,B17-G20,PROF07
S6_L2,CSC114,14,Red-Hall,PROF14
S6_L2,CSE214,5,B17-F17,PROF09
S6_L2,LRA306,8,B9-F13,PROF16
S7_L2,MTH212,12,B17-F16,AP15
S7_L2,ACM215,15,B8-G41,AP03
S7_L2,LRA403,14,B10-Theater,PROF02
S7_L2,CSC211,19,B18-F2,AP17
S7_L2,CNC111,5,B17-G19,PROF07
S7_L2,CSC114,18,B18-F13,PROF18
S7_L2,CSE214,13,B18-F14,AP05
S7_L2,LRA306,1,B17-F16,PROF09
S8_L2,MTH212,12,B18-F8,PROF09
S8_L2,ACM215,10,B17-F3,AP10
S8_L2,LRA403,16,B17-G20,PROF29
S8_L2,CSC211,13,B8-F6,AP15
S8_L2,CNC111,5,B17-G20,PROF10
S8_L2,CSC114,15,B18-F20,PROF17
S8_L2,CSE214,4,B8-F11,PROF35
S8_L2,LRA306,1,B9-F13,AP13
S9_L2,MTH212,20,B17-G21,AP03
S9_L2,ACM215,14,B18-F8,AP01
S9_L2,LRA403,15,B8-F6,AP16
S9_L2,CSC211,11,B10-Theater,AP08
S9_L2,CNC111,16,B17-F14,PROF15
S9_L2,CSC114,19,B07-F20,AP07
S9_L2,CSE214,18,B8-F25,AP03
S9_L2,LRA306,13,B9-F4,PROF13
S1_AID_L3,AID312,1,B9-F14,PROF28
S1_AID_L3,CNC311,6,B07-F23,PROF17
S1_AID_L3,AID311,14,B8-F11,AP09
S1_AID_L3,CNC314,17,B8-G41,PROF11
S2_AID_L3,AID312,11,B17-F15,PROF14
S2_AID_L3,CNC311,18,B9-Theater,AP01
S2_AID_L3,AID311,20,B07-F1,AP11
S2_AID_L3,CNC314,4,B18-F19,PROF19
S3_AID_L3,AID312,5,B17-F8,AP13
S3_AID_L3,CNC311,11,B17-G19,PROF10
S3_AID_L3,AID311,12,B9-F5,PROF16
S3_AID_L3,CNC314,17,B9-Theater,PROF34
S4_AID_L3,AID312,2,B9-Theater,PROF10
S4_AID_L3,CNC311,20,B18-F13,PROF08
S4_AID_L3,AID311,12,B07-F21,AP12
S4_AID_L3,CNC314,8,B07-G1,AP16
S1_CNC_L3,AID312,12,B8-F25,AP02
S1_CNC_L3,CNC311,20,Yellow-Hall,PROF01
S1_CNC_L3,CNC314,2,B07-F2,AP18
S1_CNC_L3,CNC312,18,B17-F14,PROF05
S2_CNC_L3,AID312,13,B9-F14,PROF33
S2_CNC_L3,CNC311,20,B25-G21,PROF33
S2_CNC_L3,CNC314,9,B7-Theater,PROF04
S2_CNC_L3,CNC312,16,B8-F25,PROF27
S3_CNC_L3,AID312,6,B17-F13,AP10
S3_CNC_L3,CNC311,17,B17-F13,PROF10
S3_CNC_L3,CNC314,11,B9-F22,AP05
S3_CNC_L3,CNC312,8,B17-F16,PROF11
S4_CNC_L3,AID312,1,Blue-Hall,AP05
S4_CNC_L3,CNC311,12,B18-F19,PROF28
S4_CNC_L3,CNC314,6,B8-F11,PROF08
S4_CNC_L3,CNC312,8,B9-F5,PROF08
S1_CSC_L3,AID312,20,B17-F16,PROF13
S1_CSC_L3,CNC311,16,B07-F20,PROF01
S1_CSC_L3,AID311,19,B17-G9,PROF04
S1_CSC_L3,CNC314,7,B9-F22,PROF19
S1_BIF_L3,AID312,7,B17-F18,PROF14
S1_BIF_L3,CNC311,8,B25-G21,AP02
S1_BIF_L3,CSC114,9,B18-F5,AP08
S1_BIF_L3,CNC314,16,B9-F13,PROF33
S1_AID_L4,AID411,20,B8-F6,PROF35
S1_AID_L4,AID413,19,B10-Theater,PROF05
S1_AID_L4,AID427,3,B17-F8,PROF13
S1_AID_L4,AID428,11,Yellow-Hall,AP03
S1_AID_L4,AID321,12,B18-F2,PROF18
S2_AID_L4,AID411,12,B8-F7,PROF20
S2_AID_L4,AID413,14,B18-F14,AP12
S2_AID_L4,AID427,7,B07-F23,PROF10
S2_AID_L4,AID428,13,B8-F11,PROF04
S2_AID_L4,AID321,18,B17-F16,PROF17
S3_AID_L4,AID411,3,B25-F19,AP14
S3_AID_L4,AID413,16,Green-Hall,PROF16
S3_AID_L4,AID427,17,B17-G20,PROF04
S3_AID_L4,AID428,18,B07-F2,PROF12
S3_AID_L4,AID321,9,B18-F14,PROF02
S4_AID_L4,AID411,4,B17-F15,AP17
S4_AID_L4,AID413,19,B18-F8,AP03
S4_AID_L4,AID427,10,B07-F1,PROF35
S4_AID_L4,AID428,3,B18-F12,PROF18
S4_AID_L4,AID321,20,B18-F1,AP15
S1_CNC_L4,nan,6,B9-F22,PROF13
S2_CNC_L4,nan,10,B18-F10,PROF11
S3_CNC_L4,nan,18,B18-F19,AP13
S4_CNC_L4,nan,20,B18-F8,AP04
S1_CSC_L4,CSC414,5,B18-F13,AP01
S1_CSC_L4,CSC415,1,B18-F19,PROF16
S1_CSC_L4,CSC426,7,B8-F6,AP02
S1_CSC_L4,CSC410,10,B17-F13,PROF05
S1_CSC_L4,CSC412,16,Yellow-Hall,PROF03
S1_CSC_L4,CSC413,4,B10-Theater,PROF18
S1_CSC_L4,CSC411,3,B17-F17,PROF35
S1_BIF_L4,BIF412,6,B17-G9,AP12
S1_BIF_L4,BIF411,4,B07-F22,PROF29
S1_BIF_L4,BIF413,1,B17-G20,PROF06
S1_BIF_L4,BIF425,16,B9-F14,PROF10
S1_BIF_L4,BIF410,11,B17-F17,PROF15
S1_BIF_L4,BIF424,13,B18-F13,PROF12
