SectionID,Size,Courses
S1_L1,20,"LRA401,CSC111,MTH111,PHY113,ECE111,LRA101,LRA104,LRA105"
S2_L1,20,"LRA401,CSC111,MTH111,PHY113,ECE111,LRA101,LRA104,LRA105"
S3_L1,20,"LRA401,CSC111,MTH111,PHY113,ECE111,LRA101,LRA104,LRA105"
S4_L1,20,"LRA401,CSC111,MTH111,PHY113,ECE111,LRA101,LRA104,LRA105"
S5_L1,20,"LRA401,CSC111,MTH111,PHY113,ECE111,LRA101,LRA104,LRA105"
S6_L1,20,"LRA401,CSC111,MTH111,PHY113,ECE111,LRA101,LRA104,LRA105"
S7_L1,20,"LRA401,CSC111,MTH111,PHY113,ECE111,LRA101,LRA104,LRA105"
S8_L1,20,"LRA401,CSC111,MTH111,PHY113,ECE111,LRA101,LRA104,LRA105"
S9_L1,20,"LRA401,CSC111,MTH111,PHY113,ECE111,LRA101,LRA104,LRA105"
S1_L2,20,"MTH212,ACM215,LRA403,CSC211,CNC111,CSC114,CSE214,LRA306"
S2_L2,20,"MTH212,ACM215,LRA403,CSC211,CNC111,CSC114,CSE214,LRA306"
S3_L2,20,"MTH212,ACM215,LRA403,CSC211,CNC111,CSC114,CSE214,LRA306"
S4_L2,20,"MTH212,ACM215,LRA403,CSC211,CNC111,CSC114,CSE214,LRA306"
S5_L2,20,"MTH212,ACM215,LRA403,CSC211,CNC111,CSC114,CSE214,LRA306"
S6_L2,20,"MTH212,ACM215,LRA403,CSC211,CNC111,CSC114,CSE214,LRA306"
S7_L2,20,"MTH212,ACM215,LRA403,CSC211,CNC111,CSC114,CSE214,LRA306"
S8_L2,20,"MTH212,ACM215,LRA403,CSC211,CNC111,CSC114,CSE214,LRA306"
S9_L2,20,"MTH212,ACM215,LRA403,CSC211,CNC111,CSC114,CSE214,LRA306"
S1_AID_L3,20,"AID312,CNC311,AID311,CNC314"
S2_AID_L3,20,"AID312,CNC311,AID311,CNC314"
S3_AID_L3,20,"AID312,CNC311,AID311,CNC314"
S4_AID_L3,20,"AID312,CNC311,AID311,CNC314"
S1_CNC_L3,20,"AID312,CNC311,CNC314,CNC312"
S2_CNC_L3,20,"AID312,CNC311,CNC314,CNC312"
S3_CNC_L3,20,"AID312,CNC311,CNC314,CNC312"
S4_CNC_L3,20,"AID312,CNC311,CNC314,CNC312"
S1_CSC_L3,20,"AID312,CNC311,AID311,CNC314"
S1_BIF_L3,20,"AID312,CNC311,CSC114,CNC314"
S1_AID_L4,20,"AID411,AID413,AID427,AID428,AID321"
S2_AID_L4,20,"AID411,AID413,AID427,AID428,AID321"
S3_AID_L4,20,"AID411,AID413,AID427,AID428,AID321"
S4_AID_L4,20,"AID411,AID413,AID427,AID428,AID321"
S1_CNC_L4,20,
S2_CNC_L4,20,
S3_CNC_L4,20,
S4_CNC_L4,20,
S1_CSC_L4,20,"CSC414,CSC415,CSC426,CSC410,CSC412,CSC413,CSC411"
S1_BIF_L4,20,"BIF412,BIF411,BIF413,BIF425,BIF410,BIF424"
