TimeSlotID,Day,StartTimeTxt,EndTimeTxt,StartMin,EndMin
1,Sunday,9:00,10:30,540,630
2,Sunday,10:45,12:15,645,735
3,Sunday,12:30,2:00,750,840
4,Sunday,2:15,3:45,855,945
5,Monday,9:00,10:30,540,630
6,Monday,10:45,12:15,645,735
7,Monday,12:30,2:00,750,840
8,Monday,2:15,3:45,855,945
9,Tuesday,9:00,10:30,540,630
10,Tuesday,10:45,12:15,645,735
11,Tuesday,12:30,2:00,750,840
12,Tuesday,2:15,3:45,855,945
13,Wednesday,9:00,10:30,540,630
14,Wednesday,10:45,12:15,645,735
15,Wednesday,12:30,2:00,750,840
16,Wednesday,2:15,3:45,855,945
17,Thursday,9:00,10:30,540,630
18,Thursday,10:45,12:15,645,735
19,Thursday,12:30,2:00,750,840
20,Thursday,2:15,3:45,855,945
