InstructorID,Name,Role,PreferredSlots,QualifiedCourses
PROF01,Dr. Reda Elbasiony,Professor,Not on Tuesday,CSC111
PROF02,Dr. Ayman Arafa,Professor,Not on Sunday,"MTH111,ACM215"
PROF03,Dr. Adel Fathy,Professor,Not on Wednesday,PHY113
PROF04,Sherine Elmotasem,Professor,Not on Monday,LRA101
PROF05,Prof. Ahmed Allam,Professor,Not on Thursday,ECE111
PROF06,Dr. Sameh Sherif,Professor,Not on Sunday,"ECE111,BIF411,BIF412"
PROF07,Dr. Ahmed Arafa,Professor,Not on Tuesday,"CSC211,AID413,AID427,CNC411"
PROF08,Dr. Ahmed Anter,Professor,Not on Wednesday,AID311
PROF09,Prof. Mostafa Soliman,Professor,Not on Monday,"CSE214,CSC317"
PROF10,Dr. Ahmed Abdel-Malk,Professor,Not on Thursday,ECE324
PROF11,Dr. Ahmed Bayumi,Professor,Not on Sunday,"AID428,AID312,CSC415"
PROF12,Dr. Hataba,Professor,Not on Tuesday,"CNC418,CNC419,CSC317"
PROF13,Dr. Reda,Professor,Not on Wednesday,"CNC312,CSC317"
PROF14,Prof. Samir Ahmed,Professor,Not on Monday,"CNC413,CNC311,CNC324,AID413"
PROF15,Dr. Mohamed Issa,Professor,Not on Thursday,"BIF425,AID417,CNC314"
PROF16,Dr. Mustafa AlSayed,Professor,Not on Sunday,"CSC426,CSC412,CNC415,CSC314,CSC414"
PROF17,Dr. Mohamed Akhames,Professor,Not on Tuesday,"CSC410,CSC411,CNC324,BIF424,AID321"
PROF18,Prof. Marghany Hassan,Professor,Not on Wednesday,"BIF413,AID321,AID411,CSC114"
PROF19,Dr. Nadia Fawzy,Professor,Not on Monday,CNC111
PROF20,Dr. Karim Hamed,Professor,Not on Thursday,MTH212
PROF27,Prof. Adel Al-senn,Professor,Not on Tuesday,LRA104
PROF28,Dr. Mohamed El-khateeb,Professor,Not on Wednesday,LRA105
PROF29,Prof. Said Sadik,Professor,Not on Monday,LRA306
PROF33,Dr. Kenji Tanaka,Professor,Not on Sunday,"LRA401,LRA403"
PROF34,Dr. Yumi Yamamoto,Professor,Not on Thursday,"LRA401,LRA403"
PROF35,Dr. Haruto Ito,Professor,Not on Sunday,"LRA401,LRA403"
AP01,Eng. Fatma Elsayed,Assistant Professor,Not on Sunday,"AID417,CNC311"
AP02,Eng. Nada Essam,Assistant Professor,Not on Tuesday,"AID411,BIF425"
AP03,Eng. Salma Alashry,Assistant Professor,Not on Wednesday,"AID321,CNC314,CSC114"
AP04,Eng. Mariam Ismael,Assistant Professor,Not on Monday,"CSC111,CNC411"
AP05,Eng. Nada Hamdy,Assistant Professor,Not on Thursday,"CSC111,CNC311,BIF411"
AP06,Eng. Salma Waleed,Assistant Professor,Not on Sunday,"AID312,AID311,CSC317"
AP07,Eng. Menna Hamdi,Assistant Professor,Not on Tuesday,"CNC312,CNC111"
AP08,Eng. Omnya Ramadan,Assistant Professor,Not on Wednesday,CSE214
AP09,Eng. Heba Abdelkader,Assistant Professor,Not on Monday,"CSE214,AID428"
AP10,Eng. Nourhan Waleed,Assistant Professor,Not on Thursday,"AID312,CNC314,CNC324"
AP11,Eng. Menna Magdy,Assistant Professor,Not on Sunday,"CSC211,CSC317"
AP12,Eng. Nada Ahmed,Assistant Professor,Not on Tuesday,"CSC211,CSC317"
AP13,Eng. Laila Ibrahim,Assistant Professor,Not on Wednesday,"PHY113,ECE111"
AP14,Eng. Tarek Salah,Assistant Professor,Not on Monday,"CSE214,AID311,CNC314"
AP15,Eng. Rana Mohamed,Assistant Professor,Not on Thursday,ECE324
AP16,Eng. Saeed Mostafa,Assistant Professor,Not on Sunday,AID321
AP17,Eng. Maria Mounir,Assistant Professor,Not on Tuesday,CNC324
AP18,Eng. Alaa Essam,Assistant Professor,Not on Wednesday,"AID321,BIF413"
